{"context":"et_divi_mods","data":{"static_css_custom_css_safety_check_done":true,"2_5_flush_rewrite_rules":"done","3_0_flush_rewrite_rules_2":"done","divi_skip_font_subset_force":true,"divi_email_provider_credentials_migrated":true,"divi_1_3_images":"checked","et_pb_layouts_updated":true,"library_removed_legacy_layouts":true,"divi_2_4_documentation_message":"triggered","product_tour_status":{"1":"off"},"et_fb_pref_settings_bar_location":"bottom","et_fb_pref_builder_animation":"true","et_fb_pref_builder_display_modal_settings":"false","et_fb_pref_event_mode":"hover","et_fb_pref_hide_disabled_modules":"false","et_fb_pref_history_intervals":1,"et_fb_pref_modal_preference":"default","et_fb_pref_modal_snap_location":"false","et_fb_pref_modal_snap":"false","et_fb_pref_modal_fullscreen":"false","et_fb_pref_modal_dimension_width":400,"et_fb_pref_modal_dimension_height":400,"et_fb_pref_modal_position_x":80,"et_fb_pref_modal_position_y":153,"et_fb_pref_toolbar_click":"false","et_fb_pref_toolbar_desktop":"true","et_fb_pref_toolbar_grid":"false","et_fb_pref_toolbar_hover":"false","et_fb_pref_toolbar_phone":"true","et_fb_pref_toolbar_tablet":"true","et_fb_pref_toolbar_wireframe":"true","et_fb_pref_toolbar_zoom":"true","body_header_size":60,"body_header_style":"bold|uppercase","heading_font":"Poppins","footer_widget_text_color":"#ffffff","footer_widget_link_color":"#ffffff","body_font_size":16,"font_color":"#161616","header_color":"#161616","content_width":1180,"primary_nav_bg":"rgba(255,255,255,0)","show_footer_social_icons":false,"footer_columns":"3","footer_bg":"#00aaa2","widget_header_font_size":18,"bottom_bar_background_color":"#000000","widget_body_font_size":14,"widget_body_line_height":2,"footer_widget_header_color":"#005082","primary_nav_font_size":14,"menu_link":"#ffffff","primary_nav_font_style":"bold|uppercase","menu_link_active":"#ffffff","show_header_social_icons":false,"show_search_icon":false,"primary_nav_font_spacing":1,"minimized_menu_height":66,"fixed_primary_nav_bg":"rgba(255,255,255,0.99)","fixed_menu_link":"#000000","fixed_menu_link_active":"#00aaa2","nav_fullwidth":true,"footer_widget_bullet_color":"#005082","et_pb_static_css_file":"on","et_pb_css_in_footer":"off","et_pb_product_tour_global":"on","body_font_height":1.899999999999999911182158029987476766109466552734375,"custom_footer_credits":"Designed by <a href=\"https:\/\/www.markhendriksen.com\/\" target=\"_blank\">Markhendriksen.com<\/a>","bottom_bar_text_color":"#ffffff","link_color":"#00aaa2","accent_color":"#00aaa2","primary_nav_dropdown_line_color":"#00aaa2","mobile_primary_nav_bg":"rgba(0,0,0,0.51)","primary_nav_dropdown_bg":"#00aaa2","et_pb_clear_templates_cache":true},"images":[]}